Domain Code,Domain,Area Code,Area,Element Code,Element,Item Code,Item,Year Code,Year,Unit,Value,Flag,Flag Description,Note
"QL","Livestock Primary","41","China, mainland","5320","Producing Animals/Slaughtered","1035","Meat, pig","1961","1961","Head","33000000","","Official data",""
"QL","Livestock Primary","41","China, mainland","5417","Yield/Carcass Weight","1035","Meat, pig","1961","1961","hg/An","415","Fc","Calculated data",""
"QL","Livestock Primary","41","China, mainland","5510","Production","1035","Meat, pig","1961","1961","tonnes","1370000","F","FAO estimate",""
"QL","Livestock Primary","41","China, mainland","5320","Producing Animals/Slaughtered","1035","Meat, pig","1962","1962","Head","43000000","","Official data",""
"QL","Livestock Primary","41","China, mainland","5417","Yield/Carcass Weight","1035","Meat, pig","1962","1962","hg/An","414","Fc","Calculated data",""
"QL","Livestock Primary","41","China, mainland","5510","Production","1035","Meat, pig","1962","1962","tonnes","1780000","F","FAO estimate",""
"QL","Livestock Primary","41","China, mainland","5320","Producing Animals/Slaughtered","1035","Meat, pig","1963","1963","Head","78000000","","Official data",""
"QL","Livestock Primary","41","China, mainland","5417","Yield/Carcass Weight","1035","Meat, pig","1963","1963","hg/An","423","Fc","Calculated data",""
"QL","Livestock Primary","41","China, mainland","5510","Production","1035","Meat, pig","1963","1963","tonnes","3300000","F","FAO estimate",""
"QL","Livestock Primary","41","China, mainland","5320","Producing Animals/Slaughtered","1035","Meat, pig","1964","1964","Head","105000000","","Official data",""
"QL","Livestock Primary","41","China, mainland","5417","Yield/Carcass Weight","1035","Meat, pig","1964","1964","hg/An","429","Fc","Calculated data",""
"QL","Livestock Primary","41","China, mainland","5510","Production","1035","Meat, pig","1964","1964","tonnes","4500000","F","FAO estimate",""
"QL","Livestock Primary","41","China, mainland","5320","Producing Animals/Slaughtered","1035","Meat, pig","1965","1965","Head","121670000","","Official data",""
"QL","Livestock Primary","41","China, mainland","5417","Yield/Carcass Weight","1035","Meat, pig","1965","1965","hg/An","431","Fc","Calculated data",""
"QL","Livestock Primary","41","China, mainland","5510","Production","1035","Meat, pig","1965","1965","tonnes","5250000","F","FAO estimate",""
"QL","Livestock Primary","41","China, mainland","5320","Producing Animals/Slaughtered","1035","Meat, pig","1966","1966","Head","131870000","","Official data",""
"QL","Livestock Primary","41","China, mainland","5417","Yield/Carcass Weight","1035","Meat, pig","1966","1966","hg/An","432","Fc","Calculated data",""
"QL","Livestock Primary","41","China, mainland","5510","Production","1035","Meat, pig","1966","1966","tonnes","5700000","F","FAO estimate",""
"QL","Livestock Primary","41","China, mainland","5320","Producing Animals/Slaughtered","1035","Meat, pig","1967","1967","Head","133780000","","Official data",""
"QL","Livestock Primary","41","China, mainland","5417","Yield/Carcass Weight","1035","Meat, pig","1967","1967","hg/An","448","Fc","Calculated data",""
"QL","Livestock Primary","41","China, mainland","5510","Production","1035","Meat, pig","1967","1967","tonnes","6000000","F","FAO estimate",""
"QL","Livestock Primary","41","China, mainland","5320","Producing Animals/Slaughtered","1035","Meat, pig","1968","1968","Head","131140000","","Official data",""
"QL","Livestock Primary","41","China, mainland","5417","Yield/Carcass Weight","1035","Meat, pig","1968","1968","hg/An","450","Fc","Calculated data",""
"QL","Livestock Primary","41","China, mainland","5510","Production","1035","Meat, pig","1968","1968","tonnes","5900000","F","FAO estimate",""
"QL","Livestock Primary","41","China, mainland","5320","Producing Animals/Slaughtered","1035","Meat, pig","1969","1969","Head","126200000","","Official data",""
"QL","Livestock Primary","41","China, mainland","5417","Yield/Carcass Weight","1035","Meat, pig","1969","1969","hg/An","452","Fc","Calculated data",""
"QL","Livestock Primary","41","China, mainland","5510","Production","1035","Meat, pig","1969","1969","tonnes","5700000","F","FAO estimate",""
"QL","Livestock Primary","41","China, mainland","5320","Producing Animals/Slaughtered","1035","Meat, pig","1970","1970","Head","125930000","","Official data",""
"QL","Livestock Primary","41","China, mainland","5417","Yield/Carcass Weight","1035","Meat, pig","1970","1970","hg/An","447","Fc","Calculated data",""
"QL","Livestock Primary","41","China, mainland","5510","Production","1035","Meat, pig","1970","1970","tonnes","5635000","F","FAO estimate",""
"QL","Livestock Primary","41","China, mainland","5320","Producing Animals/Slaughtered","1035","Meat, pig","1971","1971","Head","147980000","","Official data",""
"QL","Livestock Primary","41","China, mainland","5417","Yield/Carcass Weight","1035","Meat, pig","1971","1971","hg/An","443","Fc","Calculated data",""
"QL","Livestock Primary","41","China, mainland","5510","Production","1035","Meat, pig","1971","1971","tonnes","6550000","F","FAO estimate",""
"QL","Livestock Primary","41","China, mainland","5320","Producing Animals/Slaughtered","1035","Meat, pig","1972","1972","Head","165980000","","Official data",""
"QL","Livestock Primary","41","China, mainland","5417","Yield/Carcass Weight","1035","Meat, pig","1972","1972","hg/An","440","Fc","Calculated data",""
"QL","Livestock Primary","41","China, mainland","5510","Production","1035","Meat, pig","1972","1972","tonnes","7300000","F","FAO estimate",""
"QL","Livestock Primary","41","China, mainland","5320","Producing Animals/Slaughtered","1035","Meat, pig","1973","1973","Head","166840000","","Official data",""
"QL","Livestock Primary","41","China, mainland","5417","Yield/Carcass Weight","1035","Meat, pig","1973","1973","hg/An","438","Fc","Calculated data",""
"QL","Livestock Primary","41","China, mainland","5510","Production","1035","Meat, pig","1973","1973","tonnes","7300000","F","FAO estimate",""
"QL","Livestock Primary","41","China, mainland","5320","Producing Animals/Slaughtered","1035","Meat, pig","1974","1974","Head","162440000","","Official data",""
"QL","Livestock Primary","41","China, mainland","5417","Yield/Carcass Weight","1035","Meat, pig","1974","1974","hg/An","446","Fc","Calculated data",""
"QL","Livestock Primary","41","China, mainland","5510","Production","1035","Meat, pig","1974","1974","tonnes","7250000","F","FAO estimate",""
"QL","Livestock Primary","41","China, mainland","5320","Producing Animals/Slaughtered","1035","Meat, pig","1975","1975","Head","162300000","","Official data",""
"QL","Livestock Primary","41","China, mainland","5417","Yield/Carcass Weight","1035","Meat, pig","1975","1975","hg/An","460","Fc","Calculated data",""
"QL","Livestock Primary","41","China, mainland","5510","Production","1035","Meat, pig","1975","1975","tonnes","7460000","F","FAO estimate",""
"QL","Livestock Primary","41","China, mainland","5320","Producing Animals/Slaughtered","1035","Meat, pig","1976","1976","Head","166500000","","Official data",""
"QL","Livestock Primary","41","China, mainland","5417","Yield/Carcass Weight","1035","Meat, pig","1976","1976","hg/An","440","Fc","Calculated data",""
"QL","Livestock Primary","41","China, mainland","5510","Production","1035","Meat, pig","1976","1976","tonnes","7330000","F","FAO estimate",""
"QL","Livestock Primary","41","China, mainland","5320","Producing Animals/Slaughtered","1035","Meat, pig","1977","1977","Head","167870000","","Official data",""
"QL","Livestock Primary","41","China, mainland","5417","Yield/Carcass Weight","1035","Meat, pig","1977","1977","hg/An","435","Fc","Calculated data",""
"QL","Livestock Primary","41","China, mainland","5510","Production","1035","Meat, pig","1977","1977","tonnes","7300000","F","FAO estimate",""
"QL","Livestock Primary","41","China, mainland","5320","Producing Animals/Slaughtered","1035","Meat, pig","1978","1978","Head","161100000","","Official data",""
"QL","Livestock Primary","41","China, mainland","5417","Yield/Carcass Weight","1035","Meat, pig","1978","1978","hg/An","500","Fc","Calculated data",""
"QL","Livestock Primary","41","China, mainland","5510","Production","1035","Meat, pig","1978","1978","tonnes","8048000","","Official data",""
"QL","Livestock Primary","41","China, mainland","5320","Producing Animals/Slaughtered","1035","Meat, pig","1979","1979","Head","187680000","","Official data",""
"QL","Livestock Primary","41","China, mainland","5417","Yield/Carcass Weight","1035","Meat, pig","1979","1979","hg/An","534","Fc","Calculated data",""
"QL","Livestock Primary","41","China, mainland","5510","Production","1035","Meat, pig","1979","1979","tonnes","10015000","","Official data",""
"QL","Livestock Primary","41","China, mainland","5320","Producing Animals/Slaughtered","1035","Meat, pig","1980","1980","Head","198610000","","Official data",""
"QL","Livestock Primary","41","China, mainland","5417","Yield/Carcass Weight","1035","Meat, pig","1980","1980","hg/An","571","Fc","Calculated data",""
"QL","Livestock Primary","41","China, mainland","5510","Production","1035","Meat, pig","1980","1980","tonnes","11341000","","Official data",""
"QL","Livestock Primary","41","China, mainland","5320","Producing Animals/Slaughtered","1035","Meat, pig","1981","1981","Head","194950000","","Official data",""
"QL","Livestock Primary","41","China, mainland","5417","Yield/Carcass Weight","1035","Meat, pig","1981","1981","hg/An","610","Fc","Calculated data",""
"QL","Livestock Primary","41","China, mainland","5510","Production","1035","Meat, pig","1981","1981","tonnes","11884000","","Official data",""
"QL","Livestock Primary","41","China, mainland","5320","Producing Animals/Slaughtered","1035","Meat, pig","1982","1982","Head","200630000","","Official data",""
"QL","Livestock Primary","41","China, mainland","5417","Yield/Carcass Weight","1035","Meat, pig","1982","1982","hg/An","634","Fc","Calculated data",""
"QL","Livestock Primary","41","China, mainland","5510","Production","1035","Meat, pig","1982","1982","tonnes","12718000","","Official data",""
"QL","Livestock Primary","41","China, mainland","5320","Producing Animals/Slaughtered","1035","Meat, pig","1983","1983","Head","206614000","","Official data",""
"QL","Livestock Primary","41","China, mainland","5417","Yield/Carcass Weight","1035","Meat, pig","1983","1983","hg/An","637","Fc","Calculated data",""
"QL","Livestock Primary","41","China, mainland","5510","Production","1035","Meat, pig","1983","1983","tonnes","13161000","","Official data",""
"QL","Livestock Primary","41","China, mainland","5320","Producing Animals/Slaughtered","1035","Meat, pig","1984","1984","Head","220470000","","Official data",""
"QL","Livestock Primary","41","China, mainland","5417","Yield/Carcass Weight","1035","Meat, pig","1984","1984","hg/An","655","Fc","Calculated data",""
"QL","Livestock Primary","41","China, mainland","5510","Production","1035","Meat, pig","1984","1984","tonnes","14447000","","Official data",""
"QL","Livestock Primary","41","China, mainland","5320","Producing Animals/Slaughtered","1035","Meat, pig","1985","1985","Head","238752000","","Official data",""
"QL","Livestock Primary","41","China, mainland","5417","Yield/Carcass Weight","1035","Meat, pig","1985","1985","hg/An","693","Fc","Calculated data",""
"QL","Livestock Primary","41","China, mainland","5510","Production","1035","Meat, pig","1985","1985","tonnes","16547000","","Official data",""
"QL","Livestock Primary","41","China, mainland","5320","Producing Animals/Slaughtered","1035","Meat, pig","1986","1986","Head","257215008","","Official data",""
"QL","Livestock Primary","41","China, mainland","5417","Yield/Carcass Weight","1035","Meat, pig","1986","1986","hg/An","667","Fc","Calculated data",""
"QL","Livestock Primary","41","China, mainland","5510","Production","1035","Meat, pig","1986","1986","tonnes","17167000","*","Unofficial figure",""
"QL","Livestock Primary","41","China, mainland","5320","Producing Animals/Slaughtered","1035","Meat, pig","1987","1987","Head","261770000","","Official data",""
"QL","Livestock Primary","41","China, mainland","5417","Yield/Carcass Weight","1035","Meat, pig","1987","1987","hg/An","701","Fc","Calculated data",""
"QL","Livestock Primary","41","China, mainland","5510","Production","1035","Meat, pig","1987","1987","tonnes","18349008","","Official data",""
"QL","Livestock Primary","41","China, mainland","5320","Producing Animals/Slaughtered","1035","Meat, pig","1988","1988","Head","272946000","*","Unofficial figure",""
"QL","Livestock Primary","41","China, mainland","5417","Yield/Carcass Weight","1035","Meat, pig","1988","1988","hg/An","732","Fc","Calculated data",""
"QL","Livestock Primary","41","China, mainland","5510","Production","1035","Meat, pig","1988","1988","tonnes","19974250","*","Unofficial figure",""
"QL","Livestock Primary","41","China, mainland","5320","Producing Animals/Slaughtered","1035","Meat, pig","1989","1989","Head","287327700","*","Unofficial figure",""
"QL","Livestock Primary","41","China, mainland","5417","Yield/Carcass Weight","1035","Meat, pig","1989","1989","hg/An","731","Fc","Calculated data",""
"QL","Livestock Primary","41","China, mainland","5510","Production","1035","Meat, pig","1989","1989","tonnes","21015720","*","Unofficial figure",""
"QL","Livestock Primary","41","China, mainland","5320","Producing Animals/Slaughtered","1035","Meat, pig","1990","1990","Head","303711808","*","Unofficial figure",""
"QL","Livestock Primary","41","China, mainland","5417","Yield/Carcass Weight","1035","Meat, pig","1990","1990","hg/An","736","Fc","Calculated data",""
"QL","Livestock Primary","41","China, mainland","5510","Production","1035","Meat, pig","1990","1990","tonnes","22354800","*","Unofficial figure",""
"QL","Livestock Primary","41","China, mainland","5320","Producing Animals/Slaughtered","1035","Meat, pig","1991","1991","Head","319101888","*","Unofficial figure",""
"QL","Livestock Primary","41","China, mainland","5417","Yield/Carcass Weight","1035","Meat, pig","1991","1991","hg/An","769","Fc","Calculated data",""
"QL","Livestock Primary","41","China, mainland","5510","Production","1035","Meat, pig","1991","1991","tonnes","24523000","","Official data",""
"QL","Livestock Primary","41","China, mainland","5320","Producing Animals/Slaughtered","1035","Meat, pig","1992","1992","Head","337628992","*","Unofficial figure",""
"QL","Livestock Primary","41","China, mainland","5417","Yield/Carcass Weight","1035","Meat, pig","1992","1992","hg/An","781","Fc","Calculated data",""
"QL","Livestock Primary","41","China, mainland","5510","Production","1035","Meat, pig","1992","1992","tonnes","26353000","","Official data",""
"QL","Livestock Primary","41","China, mainland","5320","Producing Animals/Slaughtered","1035","Meat, pig","1993","1993","Head","351761408","*","Unofficial figure",""
"QL","Livestock Primary","41","China, mainland","5417","Yield/Carcass Weight","1035","Meat, pig","1993","1993","hg/An","811","Fc","Calculated data",""
"QL","Livestock Primary","41","China, mainland","5510","Production","1035","Meat, pig","1993","1993","tonnes","28544000","","Official data",""
"QL","Livestock Primary","41","China, mainland","5320","Producing Animals/Slaughtered","1035","Meat, pig","1994","1994","Head","377609408","*","Unofficial figure",""
"QL","Livestock Primary","41","China, mainland","5417","Yield/Carcass Weight","1035","Meat, pig","1994","1994","hg/An","849","Fc","Calculated data",""
"QL","Livestock Primary","41","China, mainland","5510","Production","1035","Meat, pig","1994","1994","tonnes","32048300","","Official data",""
"QL","Livestock Primary","41","China, mainland","5320","Producing Animals/Slaughtered","1035","Meat, pig","1995","1995","Head","389572192","*","Unofficial figure",""
"QL","Livestock Primary","41","China, mainland","5417","Yield/Carcass Weight","1035","Meat, pig","1995","1995","hg/An","937","Fc","Calculated data",""
"QL","Livestock Primary","41","China, mainland","5510","Production","1035","Meat, pig","1995","1995","tonnes","36483700","","Official data",""
"QL","Livestock Primary","41","China, mainland","5320","Producing Animals/Slaughtered","1035","Meat, pig","1996","1996","Head","387516000","*","Unofficial figure",""
"QL","Livestock Primary","41","China, mainland","5417","Yield/Carcass Weight","1035","Meat, pig","1996","1996","hg/An","815","Fc","Calculated data",""
"QL","Livestock Primary","41","China, mainland","5510","Production","1035","Meat, pig","1996","1996","tonnes","31580000","","Official data",""
"QL","Livestock Primary","41","China, mainland","5320","Producing Animals/Slaughtered","1035","Meat, pig","1997","1997","Head","399119616","*","Unofficial figure",""
"QL","Livestock Primary","41","China, mainland","5417","Yield/Carcass Weight","1035","Meat, pig","1997","1997","hg/An","901","Fc","Calculated data",""
"QL","Livestock Primary","41","China, mainland","5510","Production","1035","Meat, pig","1997","1997","tonnes","35963000","","Official data",""
"QL","Livestock Primary","41","China, mainland","5320","Producing Animals/Slaughtered","1035","Meat, pig","1998","1998","Head","427251392","*","Unofficial figure",""
"QL","Livestock Primary","41","China, mainland","5417","Yield/Carcass Weight","1035","Meat, pig","1998","1998","hg/An","909","Fc","Calculated data",""
"QL","Livestock Primary","41","China, mainland","5510","Production","1035","Meat, pig","1998","1998","tonnes","38837000","","Official data",""
"QL","Livestock Primary","41","China, mainland","5320","Producing Animals/Slaughtered","1035","Meat, pig","1999","1999","Head","448761984","*","Unofficial figure",""
"QL","Livestock Primary","41","China, mainland","5417","Yield/Carcass Weight","1035","Meat, pig","1999","1999","hg/An","893","Fc","Calculated data",""
"QL","Livestock Primary","41","China, mainland","5510","Production","1035","Meat, pig","1999","1999","tonnes","40056000","","Official data",""
"QL","Livestock Primary","41","China, mainland","5320","Producing Animals/Slaughtered","1035","Meat, pig","2000","2000","Head","466760800","*","Unofficial figure",""
"QL","Livestock Primary","41","China, mainland","5417","Yield/Carcass Weight","1035","Meat, pig","2000","2000","hg/An","850","Fc","Calculated data",""
"QL","Livestock Primary","41","China, mainland","5510","Production","1035","Meat, pig","2000","2000","tonnes","39659900","","Official data",""
"QL","Livestock Primary","41","China, mainland","5320","Producing Animals/Slaughtered","1035","Meat, pig","2001","2001","Head","472374784","*","Unofficial figure",""
"QL","Livestock Primary","41","China, mainland","5417","Yield/Carcass Weight","1035","Meat, pig","2001","2001","hg/An","858","Fc","Calculated data",""
"QL","Livestock Primary","41","China, mainland","5510","Production","1035","Meat, pig","2001","2001","tonnes","40517000","","Official data",""
"QL","Livestock Primary","41","China, mainland","5320","Producing Animals/Slaughtered","1035","Meat, pig","2002","2002","Head","483773152","*","Unofficial figure",""
"QL","Livestock Primary","41","China, mainland","5417","Yield/Carcass Weight","1035","Meat, pig","2002","2002","hg/An","852","Fc","Calculated data",""
"QL","Livestock Primary","41","China, mainland","5510","Production","1035","Meat, pig","2002","2002","tonnes","41231000","","Official data",""
"QL","Livestock Primary","41","China, mainland","5320","Producing Animals/Slaughtered","1035","Meat, pig","2003","2003","Head","510505216","*","Unofficial figure",""
"QL","Livestock Primary","41","China, mainland","5417","Yield/Carcass Weight","1035","Meat, pig","2003","2003","hg/An","830","Fc","Calculated data",""
"QL","Livestock Primary","41","China, mainland","5510","Production","1035","Meat, pig","2003","2003","tonnes","42386000","","Official data",""
"QL","Livestock Primary","41","China, mainland","5320","Producing Animals/Slaughtered","1035","Meat, pig","2004","2004","Head","518927808","*","Unofficial figure",""
"QL","Livestock Primary","41","China, mainland","5417","Yield/Carcass Weight","1035","Meat, pig","2004","2004","hg/An","837","Fc","Calculated data",""
"QL","Livestock Primary","41","China, mainland","5510","Production","1035","Meat, pig","2004","2004","tonnes","43410000","","Official data",""
"QL","Livestock Primary","41","China, mainland","5320","Producing Animals/Slaughtered","1035","Meat, pig","2005","2005","Head","540232510","*","Unofficial figure",""
"QL","Livestock Primary","41","China, mainland","5417","Yield/Carcass Weight","1035","Meat, pig","2005","2005","hg/An","843","Fc","Calculated data",""
"QL","Livestock Primary","41","China, mainland","5510","Production","1035","Meat, pig","2005","2005","tonnes","45553300","","Official data",""
"QL","Livestock Primary","41","China, mainland","5320","Producing Animals/Slaughtered","1035","Meat, pig","2006","2006","Head","559682820","*","Unofficial figure",""
"QL","Livestock Primary","41","China, mainland","5417","Yield/Carcass Weight","1035","Meat, pig","2006","2006","hg/An","831","Fc","Calculated data",""
"QL","Livestock Primary","41","China, mainland","5510","Production","1035","Meat, pig","2006","2006","tonnes","46504500","","Official data",""
"QL","Livestock Primary","41","China, mainland","5320","Producing Animals/Slaughtered","1035","Meat, pig","2007","2007","Head","565083010","","Official data",""
"QL","Livestock Primary","41","China, mainland","5417","Yield/Carcass Weight","1035","Meat, pig","2007","2007","hg/An","759","Fc","Calculated data",""
"QL","Livestock Primary","41","China, mainland","5510","Production","1035","Meat, pig","2007","2007","tonnes","42878200","","Official data",""
"QL","Livestock Primary","41","China, mainland","5320","Producing Animals/Slaughtered","1035","Meat, pig","2008","2008","Head","591860990","*","Unofficial figure",""
"QL","Livestock Primary","41","China, mainland","5417","Yield/Carcass Weight","1035","Meat, pig","2008","2008","hg/An","781","Fc","Calculated data",""
"QL","Livestock Primary","41","China, mainland","5510","Production","1035","Meat, pig","2008","2008","tonnes","46205000","","Official data",""
"QL","Livestock Primary","41","China, mainland","5320","Producing Animals/Slaughtered","1035","Meat, pig","2009","2009","Head","614400000","*","Unofficial figure",""
"QL","Livestock Primary","41","China, mainland","5417","Yield/Carcass Weight","1035","Meat, pig","2009","2009","hg/An","796","Fc","Calculated data",""
"QL","Livestock Primary","41","China, mainland","5510","Production","1035","Meat, pig","2009","2009","tonnes","48907600","","Official data",""
"QL","Livestock Primary","41","China, mainland","5320","Producing Animals/Slaughtered","1035","Meat, pig","2010","2010","Head","666864000","","Official data",""
"QL","Livestock Primary","41","China, mainland","5417","Yield/Carcass Weight","1035","Meat, pig","2010","2010","hg/An","760","Fc","Calculated data",""
"QL","Livestock Primary","41","China, mainland","5510","Production","1035","Meat, pig","2010","2010","tonnes","50712400","","Official data",""
"QL","Livestock Primary","41","China, mainland","5320","Producing Animals/Slaughtered","1035","Meat, pig","2011","2011","Head","663620990","","Official data",""
"QL","Livestock Primary","41","China, mainland","5417","Yield/Carcass Weight","1035","Meat, pig","2011","2011","hg/An","763","Fc","Calculated data",""
"QL","Livestock Primary","41","China, mainland","5510","Production","1035","Meat, pig","2011","2011","tonnes","50604000","","Official data",""
"QL","Livestock Primary","41","China, mainland","5320","Producing Animals/Slaughtered","1035","Meat, pig","2012","2012","Head","697894980","","Official data",""
"QL","Livestock Primary","41","China, mainland","5417","Yield/Carcass Weight","1035","Meat, pig","2012","2012","hg/An","766","Fc","Calculated data",""
"QL","Livestock Primary","41","China, mainland","5510","Production","1035","Meat, pig","2012","2012","tonnes","53427000","","Official data",""
"QL","Livestock Primary","41","China, mainland","5320","Producing Animals/Slaughtered","1035","Meat, pig","2013","2013","Head","715569980","","Official data",""
"QL","Livestock Primary","41","China, mainland","5417","Yield/Carcass Weight","1035","Meat, pig","2013","2013","hg/An","768","Fc","Calculated data",""
"QL","Livestock Primary","41","China, mainland","5510","Production","1035","Meat, pig","2013","2013","tonnes","54930300","","Official data",""
"QL","Livestock Primary","41","China, mainland","5320","Producing Animals/Slaughtered","1035","Meat, pig","2014","2014","Head","735104000","","Official data",""
"QL","Livestock Primary","41","China, mainland","5417","Yield/Carcass Weight","1035","Meat, pig","2014","2014","hg/An","772","Fc","Calculated data",""
"QL","Livestock Primary","41","China, mainland","5510","Production","1035","Meat, pig","2014","2014","tonnes","56713900","","Official data",""
"QL","Livestock Primary","41","China, mainland","5320","Producing Animals/Slaughtered","1035","Meat, pig","2015","2015","Head","724156000","","Official data",""
"QL","Livestock Primary","41","China, mainland","5417","Yield/Carcass Weight","1035","Meat, pig","2015","2015","hg/An","780","Fc","Calculated data",""
"QL","Livestock Primary","41","China, mainland","5510","Production","1035","Meat, pig","2015","2015","tonnes","56454000","","Official data",""
"QL","Livestock Primary","41","China, mainland","5320","Producing Animals/Slaughtered","1035","Meat, pig","2016","2016","Head","700739000","","Official data",""
"QL","Livestock Primary","41","China, mainland","5417","Yield/Carcass Weight","1035","Meat, pig","2016","2016","hg/An","774","Fc","Calculated data",""
"QL","Livestock Primary","41","China, mainland","5510","Production","1035","Meat, pig","2016","2016","tonnes","54255000","","Official data",""
"QL","Livestock Primary","41","China, mainland","5320","Producing Animals/Slaughtered","1035","Meat, pig","2017","2017","Head","702021000","","Official data",""
"QL","Livestock Primary","41","China, mainland","5417","Yield/Carcass Weight","1035","Meat, pig","2017","2017","hg/An","777","Fc","Calculated data",""
"QL","Livestock Primary","41","China, mainland","5510","Production","1035","Meat, pig","2017","2017","tonnes","54518000","","Official data",""
"QL","Livestock Primary","41","China, mainland","5320","Producing Animals/Slaughtered","1035","Meat, pig","2018","2018","Head","684960476","Im","FAO data based on imputation methodology",""
"QL","Livestock Primary","41","China, mainland","5417","Yield/Carcass Weight","1035","Meat, pig","2018","2018","hg/An","789","Fc","Calculated data",""
"QL","Livestock Primary","41","China, mainland","5510","Production","1035","Meat, pig","2018","2018","tonnes","54037400","","Official data",""
"QL","Livestock Primary","231","United States of America","5320","Producing Animals/Slaughtered","1035","Meat, pig","1961","1961","Head","81970000","","Official data",""
"QL","Livestock Primary","231","United States of America","5417","Yield/Carcass Weight","1035","Meat, pig","1961","1961","hg/An","631","Fc","Calculated data",""
"QL","Livestock Primary","231","United States of America","5510","Production","1035","Meat, pig","1961","1961","tonnes","5174000","","Official data",""
"QL","Livestock Primary","231","United States of America","5320","Producing Animals/Slaughtered","1035","Meat, pig","1962","1962","Head","83424000","","Official data",""
"QL","Livestock Primary","231","United States of America","5417","Yield/Carcass Weight","1035","Meat, pig","1962","1962","hg/An","643","Fc","Calculated data",""
"QL","Livestock Primary","231","United States of America","5510","Production","1035","Meat, pig","1962","1962","tonnes","5365000","","Official data",""
"QL","Livestock Primary","231","United States of America","5320","Producing Animals/Slaughtered","1035","Meat, pig","1963","1963","Head","87117008","","Official data",""
"QL","Livestock Primary","231","United States of America","5417","Yield/Carcass Weight","1035","Meat, pig","1963","1963","hg/An","647","Fc","Calculated data",""
"QL","Livestock Primary","231","United States of America","5510","Production","1035","Meat, pig","1963","1963","tonnes","5637000","","Official data",""
"QL","Livestock Primary","231","United States of America","5320","Producing Animals/Slaughtered","1035","Meat, pig","1964","1964","Head","86284000","","Official data",""
"QL","Livestock Primary","231","United States of America","5417","Yield/Carcass Weight","1035","Meat, pig","1964","1964","hg/An","658","Fc","Calculated data",""
"QL","Livestock Primary","231","United States of America","5510","Production","1035","Meat, pig","1964","1964","tonnes","5676000","","Official data",""
"QL","Livestock Primary","231","United States of America","5320","Producing Animals/Slaughtered","1035","Meat, pig","1965","1965","Head","76458000","","Official data",""
"QL","Livestock Primary","231","United States of America","5417","Yield/Carcass Weight","1035","Meat, pig","1965","1965","hg/An","661","Fc","Calculated data",""
"QL","Livestock Primary","231","United States of America","5510","Production","1035","Meat, pig","1965","1965","tonnes","5053000","","Official data",""
"QL","Livestock Primary","231","United States of America","5320","Producing Animals/Slaughtered","1035","Meat, pig","1966","1966","Head","75382000","","Official data",""
"QL","Livestock Primary","231","United States of America","5417","Yield/Carcass Weight","1035","Meat, pig","1966","1966","hg/An","682","Fc","Calculated data",""
"QL","Livestock Primary","231","United States of America","5510","Production","1035","Meat, pig","1966","1966","tonnes","5143257","","Official data",""
"QL","Livestock Primary","231","United States of America","5320","Producing Animals/Slaughtered","1035","Meat, pig","1967","1967","Head","83420000","","Official data",""
"QL","Livestock Primary","231","United States of America","5417","Yield/Carcass Weight","1035","Meat, pig","1967","1967","hg/An","684","Fc","Calculated data",""
"QL","Livestock Primary","231","United States of America","5510","Production","1035","Meat, pig","1967","1967","tonnes","5706616","","Official data",""
"QL","Livestock Primary","231","United States of America","5320","Producing Animals/Slaughtered","1035","Meat, pig","1968","1968","Head","86417008","","Official data",""
"QL","Livestock Primary","231","United States of America","5417","Yield/Carcass Weight","1035","Meat, pig","1968","1968","hg/An","686","Fc","Calculated data",""
"QL","Livestock Primary","231","United States of America","5510","Production","1035","Meat, pig","1968","1968","tonnes","5925700","","Official data",""
"QL","Livestock Primary","231","United States of America","5320","Producing Animals/Slaughtered","1035","Meat, pig","1969","1969","Head","84968000","","Official data",""
"QL","Livestock Primary","231","United States of America","5417","Yield/Carcass Weight","1035","Meat, pig","1969","1969","hg/An","692","Fc","Calculated data",""
"QL","Livestock Primary","231","United States of America","5510","Production","1035","Meat, pig","1969","1969","tonnes","5876258","","Official data",""
"QL","Livestock Primary","231","United States of America","5320","Producing Animals/Slaughtered","1035","Meat, pig","1970","1970","Head","87052000","","Official data",""
"QL","Livestock Primary","231","United States of America","5417","Yield/Carcass Weight","1035","Meat, pig","1970","1970","hg/An","700","Fc","Calculated data",""
"QL","Livestock Primary","231","United States of America","5510","Production","1035","Meat, pig","1970","1970","tonnes","6090000","","Official data",""
"QL","Livestock Primary","231","United States of America","5320","Producing Animals/Slaughtered","1035","Meat, pig","1971","1971","Head","95648000","","Official data",""
"QL","Livestock Primary","231","United States of America","5417","Yield/Carcass Weight","1035","Meat, pig","1971","1971","hg/An","701","Fc","Calculated data",""
"QL","Livestock Primary","231","United States of America","5510","Production","1035","Meat, pig","1971","1971","tonnes","6705000","","Official data",""
"QL","Livestock Primary","231","United States of America","5320","Producing Animals/Slaughtered","1035","Meat, pig","1972","1972","Head","85865008","","Official data",""
"QL","Livestock Primary","231","United States of America","5417","Yield/Carcass Weight","1035","Meat, pig","1972","1972","hg/An","719","Fc","Calculated data",""
"QL","Livestock Primary","231","United States of America","5510","Production","1035","Meat, pig","1972","1972","tonnes","6176600","","Official data",""
"QL","Livestock Primary","231","United States of America","5320","Producing Animals/Slaughtered","1035","Meat, pig","1973","1973","Head","77890000","","Official data",""
"QL","Livestock Primary","231","United States of America","5417","Yield/Carcass Weight","1035","Meat, pig","1973","1973","hg/An","743","Fc","Calculated data",""
"QL","Livestock Primary","231","United States of America","5510","Production","1035","Meat, pig","1973","1973","tonnes","5783726","","Official data",""
"QL","Livestock Primary","231","United States of America","5320","Producing Animals/Slaughtered","1035","Meat, pig","1974","1974","Head","83083008","","Official data",""
"QL","Livestock Primary","231","United States of America","5417","Yield/Carcass Weight","1035","Meat, pig","1974","1974","hg/An","754","Fc","Calculated data",""
"QL","Livestock Primary","231","United States of America","5510","Production","1035","Meat, pig","1974","1974","tonnes","6261810","","Official data",""
"QL","Livestock Primary","231","United States of America","5320","Producing Animals/Slaughtered","1035","Meat, pig","1975","1975","Head","69880000","","Official data",""
"QL","Livestock Primary","231","United States of America","5417","Yield/Carcass Weight","1035","Meat, pig","1975","1975","hg/An","747","Fc","Calculated data",""
"QL","Livestock Primary","231","United States of America","5510","Production","1035","Meat, pig","1975","1975","tonnes","5217646","","Official data",""
"QL","Livestock Primary","231","United States of America","5320","Producing Animals/Slaughtered","1035","Meat, pig","1976","1976","Head","74965008","","Official data",""
"QL","Livestock Primary","231","United States of America","5417","Yield/Carcass Weight","1035","Meat, pig","1976","1976","hg/An","751","Fc","Calculated data",""
"QL","Livestock Primary","231","United States of America","5510","Production","1035","Meat, pig","1976","1976","tonnes","5631350","","Official data",""
"QL","Livestock Primary","231","United States of America","5320","Producing Animals/Slaughtered","1035","Meat, pig","1977","1977","Head","78447008","","Official data",""
"QL","Livestock Primary","231","United States of America","5417","Yield/Carcass Weight","1035","Meat, pig","1977","1977","hg/An","766","Fc","Calculated data",""
"QL","Livestock Primary","231","United States of America","5510","Production","1035","Meat, pig","1977","1977","tonnes","6008740","","Official data",""
"QL","Livestock Primary","231","United States of America","5320","Producing Animals/Slaughtered","1035","Meat, pig","1978","1978","Head","78401008","","Official data",""
"QL","Livestock Primary","231","United States of America","5417","Yield/Carcass Weight","1035","Meat, pig","1978","1978","hg/An","775","Fc","Calculated data",""
"QL","Livestock Primary","231","United States of America","5510","Production","1035","Meat, pig","1978","1978","tonnes","6074960","","Official data",""
"QL","Livestock Primary","231","United States of America","5320","Producing Animals/Slaughtered","1035","Meat, pig","1979","1979","Head","90169008","","Official data",""
"QL","Livestock Primary","231","United States of America","5417","Yield/Carcass Weight","1035","Meat, pig","1979","1979","hg/An","777","Fc","Calculated data",""
"QL","Livestock Primary","231","United States of America","5510","Production","1035","Meat, pig","1979","1979","tonnes","7008000","","Official data",""
"QL","Livestock Primary","231","United States of America","5320","Producing Animals/Slaughtered","1035","Meat, pig","1980","1980","Head","97174000","","Official data",""
"QL","Livestock Primary","231","United States of America","5417","Yield/Carcass Weight","1035","Meat, pig","1980","1980","hg/An","776","Fc","Calculated data",""
"QL","Livestock Primary","231","United States of America","5510","Production","1035","Meat, pig","1980","1980","tonnes","7536440","","Official data",""
"QL","Livestock Primary","231","United States of America","5320","Producing Animals/Slaughtered","1035","Meat, pig","1981","1981","Head","92470000","","Official data",""
"QL","Livestock Primary","231","United States of America","5417","Yield/Carcass Weight","1035","Meat, pig","1981","1981","hg/An","779","Fc","Calculated data",""
"QL","Livestock Primary","231","United States of America","5510","Production","1035","Meat, pig","1981","1981","tonnes","7200740","","Official data",""
"QL","Livestock Primary","231","United States of America","5320","Producing Animals/Slaughtered","1035","Meat, pig","1982","1982","Head","82845008","","Official data",""
"QL","Livestock Primary","231","United States of America","5417","Yield/Carcass Weight","1035","Meat, pig","1982","1982","hg/An","779","Fc","Calculated data",""
"QL","Livestock Primary","231","United States of America","5510","Production","1035","Meat, pig","1982","1982","tonnes","6454160","","Official data",""
"QL","Livestock Primary","231","United States of America","5320","Producing Animals/Slaughtered","1035","Meat, pig","1983","1983","Head","88101008","","Official data",""
"QL","Livestock Primary","231","United States of America","5417","Yield/Carcass Weight","1035","Meat, pig","1983","1983","hg/An","783","Fc","Calculated data",""
"QL","Livestock Primary","231","United States of America","5510","Production","1035","Meat, pig","1983","1983","tonnes","6895500","","Official data",""
"QL","Livestock Primary","231","United States of America","5320","Producing Animals/Slaughtered","1035","Meat, pig","1984","1984","Head","85641008","","Official data",""
"QL","Livestock Primary","231","United States of America","5417","Yield/Carcass Weight","1035","Meat, pig","1984","1984","hg/An","785","Fc","Calculated data",""
"QL","Livestock Primary","231","United States of America","5510","Production","1035","Meat, pig","1984","1984","tonnes","6718600","","Official data",""
"QL","Livestock Primary","231","United States of America","5320","Producing Animals/Slaughtered","1035","Meat, pig","1985","1985","Head","84938000","","Official data",""
"QL","Livestock Primary","231","United States of America","5417","Yield/Carcass Weight","1035","Meat, pig","1985","1985","hg/An","791","Fc","Calculated data",""
"QL","Livestock Primary","231","United States of America","5510","Production","1035","Meat, pig","1985","1985","tonnes","6715400","","Official data",""
"QL","Livestock Primary","231","United States of America","5320","Producing Animals/Slaughtered","1035","Meat, pig","1986","1986","Head","79956208","","Official data",""
"QL","Livestock Primary","231","United States of America","5417","Yield/Carcass Weight","1035","Meat, pig","1986","1986","hg/An","798","Fc","Calculated data",""
"QL","Livestock Primary","231","United States of America","5510","Production","1035","Meat, pig","1986","1986","tonnes","6379000","","Official data",""
"QL","Livestock Primary","231","United States of America","5320","Producing Animals/Slaughtered","1035","Meat, pig","1987","1987","Head","81422000","","Official data",""
"QL","Livestock Primary","231","United States of America","5417","Yield/Carcass Weight","1035","Meat, pig","1987","1987","hg/An","801","Fc","Calculated data",""
"QL","Livestock Primary","231","United States of America","5510","Production","1035","Meat, pig","1987","1987","tonnes","6520000","","Official data",""
"QL","Livestock Primary","231","United States of America","5320","Producing Animals/Slaughtered","1035","Meat, pig","1988","1988","Head","88136000","","Official data",""
"QL","Livestock Primary","231","United States of America","5417","Yield/Carcass Weight","1035","Meat, pig","1988","1988","hg/An","807","Fc","Calculated data",""
"QL","Livestock Primary","231","United States of America","5510","Production","1035","Meat, pig","1988","1988","tonnes","7114000","","Official data",""
"QL","Livestock Primary","231","United States of America","5320","Producing Animals/Slaughtered","1035","Meat, pig","1989","1989","Head","89007008","","Official data",""
"QL","Livestock Primary","231","United States of America","5417","Yield/Carcass Weight","1035","Meat, pig","1989","1989","hg/An","806","Fc","Calculated data",""
"QL","Livestock Primary","231","United States of America","5510","Production","1035","Meat, pig","1989","1989","tonnes","7172000","","Official data",""
"QL","Livestock Primary","231","United States of America","5320","Producing Animals/Slaughtered","1035","Meat, pig","1990","1990","Head","85431504","Fc","Calculated data",""
"QL","Livestock Primary","231","United States of America","5417","Yield/Carcass Weight","1035","Meat, pig","1990","1990","hg/An","815","Fc","Calculated data",""
"QL","Livestock Primary","231","United States of America","5510","Production","1035","Meat, pig","1990","1990","tonnes","6964000","","Official data",""
"QL","Livestock Primary","231","United States of America","5320","Producing Animals/Slaughtered","1035","Meat, pig","1991","1991","Head","88445100","","Official data",""
"QL","Livestock Primary","231","United States of America","5417","Yield/Carcass Weight","1035","Meat, pig","1991","1991","hg/An","821","Fc","Calculated data",""
"QL","Livestock Primary","231","United States of America","5510","Production","1035","Meat, pig","1991","1991","tonnes","7257487","","Official data",""
"QL","Livestock Primary","231","United States of America","5320","Producing Animals/Slaughtered","1035","Meat, pig","1992","1992","Head","95156700","","Official data",""
"QL","Livestock Primary","231","United States of America","5417","Yield/Carcass Weight","1035","Meat, pig","1992","1992","hg/An","821","Fc","Calculated data",""
"QL","Livestock Primary","231","United States of America","5510","Production","1035","Meat, pig","1992","1992","tonnes","7816767","","Official data",""
"QL","Livestock Primary","231","United States of America","5320","Producing Animals/Slaughtered","1035","Meat, pig","1993","1993","Head","93296300","","Official data",""
"QL","Livestock Primary","231","United States of America","5417","Yield/Carcass Weight","1035","Meat, pig","1993","1993","hg/An","831","Fc","Calculated data",""
"QL","Livestock Primary","231","United States of America","5510","Production","1035","Meat, pig","1993","1993","tonnes","7750542","","Official data",""
"QL","Livestock Primary","231","United States of America","5320","Producing Animals/Slaughtered","1035","Meat, pig","1994","1994","Head","95904600","","Official data",""
"QL","Livestock Primary","231","United States of America","5417","Yield/Carcass Weight","1035","Meat, pig","1994","1994","hg/An","837","Fc","Calculated data",""
"QL","Livestock Primary","231","United States of America","5510","Production","1035","Meat, pig","1994","1994","tonnes","8027234","","Official data",""
"QL","Livestock Primary","231","United States of America","5320","Producing Animals/Slaughtered","1035","Meat, pig","1995","1995","Head","96535500","","Official data",""
"QL","Livestock Primary","231","United States of America","5417","Yield/Carcass Weight","1035","Meat, pig","1995","1995","hg/An","839","Fc","Calculated data",""
"QL","Livestock Primary","231","United States of America","5510","Production","1035","Meat, pig","1995","1995","tonnes","8095726","","Official data",""
"QL","Livestock Primary","231","United States of America","5320","Producing Animals/Slaughtered","1035","Meat, pig","1996","1996","Head","92569400","","Official data",""
"QL","Livestock Primary","231","United States of America","5417","Yield/Carcass Weight","1035","Meat, pig","1996","1996","hg/An","839","Fc","Calculated data",""
"QL","Livestock Primary","231","United States of America","5510","Production","1035","Meat, pig","1996","1996","tonnes","7763696","","Official data",""
"QL","Livestock Primary","231","United States of America","5320","Producing Animals/Slaughtered","1035","Meat, pig","1997","1997","Head","92125400","","Official data",""
"QL","Livestock Primary","231","United States of America","5417","Yield/Carcass Weight","1035","Meat, pig","1997","1997","hg/An","851","Fc","Calculated data",""
"QL","Livestock Primary","231","United States of America","5510","Production","1035","Meat, pig","1997","1997","tonnes","7835818","","Official data",""
"QL","Livestock Primary","231","United States of America","5320","Producing Animals/Slaughtered","1035","Meat, pig","1998","1998","Head","101194300","","Official data",""
"QL","Livestock Primary","231","United States of America","5417","Yield/Carcass Weight","1035","Meat, pig","1998","1998","hg/An","852","Fc","Calculated data",""
"QL","Livestock Primary","231","United States of America","5510","Production","1035","Meat, pig","1998","1998","tonnes","8623255","","Official data",""
"QL","Livestock Primary","231","United States of America","5320","Producing Animals/Slaughtered","1035","Meat, pig","1999","1999","Head","101694200","","Official data",""
"QL","Livestock Primary","231","United States of America","5417","Yield/Carcass Weight","1035","Meat, pig","1999","1999","hg/An","861","Fc","Calculated data",""
"QL","Livestock Primary","231","United States of America","5510","Production","1035","Meat, pig","1999","1999","tonnes","8757065","","Official data",""
"QL","Livestock Primary","231","United States of America","5320","Producing Animals/Slaughtered","1035","Meat, pig","2000","2000","Head","98105900","","Official data",""
"QL","Livestock Primary","231","United States of America","5417","Yield/Carcass Weight","1035","Meat, pig","2000","2000","hg/An","876","Fc","Calculated data",""
"QL","Livestock Primary","231","United States of America","5510","Production","1035","Meat, pig","2000","2000","tonnes","8596946","","Official data",""
"QL","Livestock Primary","231","United States of America","5320","Producing Animals/Slaughtered","1035","Meat, pig","2001","2001","Head","98081900","","Official data",""
"QL","Livestock Primary","231","United States of America","5417","Yield/Carcass Weight","1035","Meat, pig","2001","2001","hg/An","886","Fc","Calculated data",""
"QL","Livestock Primary","231","United States of America","5510","Production","1035","Meat, pig","2001","2001","tonnes","8691294","","Official data",""
"QL","Livestock Primary","231","United States of America","5320","Producing Animals/Slaughtered","1035","Meat, pig","2002","2002","Head","100377600","","Official data",""
"QL","Livestock Primary","231","United States of America","5417","Yield/Carcass Weight","1035","Meat, pig","2002","2002","hg/An","890","Fc","Calculated data",""
"QL","Livestock Primary","231","United States of America","5510","Production","1035","Meat, pig","2002","2002","tonnes","8928976","","Official data",""
"QL","Livestock Primary","231","United States of America","5320","Producing Animals/Slaughtered","1035","Meat, pig","2003","2003","Head","101042700","","Official data",""
"QL","Livestock Primary","231","United States of America","5417","Yield/Carcass Weight","1035","Meat, pig","2003","2003","hg/An","896","Fc","Calculated data",""
"QL","Livestock Primary","231","United States of America","5510","Production","1035","Meat, pig","2003","2003","tonnes","9056890","","Official data",""
"QL","Livestock Primary","231","United States of America","5320","Producing Animals/Slaughtered","1035","Meat, pig","2004","2004","Head","103573400","","Official data",""
"QL","Livestock Primary","231","United States of America","5417","Yield/Carcass Weight","1035","Meat, pig","2004","2004","hg/An","899","Fc","Calculated data",""
"QL","Livestock Primary","231","United States of America","5510","Production","1035","Meat, pig","2004","2004","tonnes","9312716","","Official data",""
"QL","Livestock Primary","231","United States of America","5320","Producing Animals/Slaughtered","1035","Meat, pig","2005","2005","Head","103690100","","Official data",""
"QL","Livestock Primary","231","United States of America","5417","Yield/Carcass Weight","1035","Meat, pig","2005","2005","hg/An","906","Fc","Calculated data",""
"QL","Livestock Primary","231","United States of America","5510","Production","1035","Meat, pig","2005","2005","tonnes","9391823","","Official data",""
"QL","Livestock Primary","231","United States of America","5320","Producing Animals/Slaughtered","1035","Meat, pig","2006","2006","Head","104842300","","Official data",""
"QL","Livestock Primary","231","United States of America","5417","Yield/Carcass Weight","1035","Meat, pig","2006","2006","hg/An","912","Fc","Calculated data",""
"QL","Livestock Primary","231","United States of America","5510","Production","1035","Meat, pig","2006","2006","tonnes","9558699","","Official data",""
"QL","Livestock Primary","231","United States of America","5320","Producing Animals/Slaughtered","1035","Meat, pig","2007","2007","Head","109277500","","Official data",""
"QL","Livestock Primary","231","United States of America","5417","Yield/Carcass Weight","1035","Meat, pig","2007","2007","hg/An","912","Fc","Calculated data",""
"QL","Livestock Primary","231","United States of America","5510","Production","1035","Meat, pig","2007","2007","tonnes","9961898","","Official data",""
"QL","Livestock Primary","231","United States of America","5320","Producing Animals/Slaughtered","1035","Meat, pig","2008","2008","Head","116558400","","Official data",""
"QL","Livestock Primary","231","United States of America","5417","Yield/Carcass Weight","1035","Meat, pig","2008","2008","hg/An","909","Fc","Calculated data",""
"QL","Livestock Primary","231","United States of America","5510","Production","1035","Meat, pig","2008","2008","tonnes","10598969","","Official data",""
"QL","Livestock Primary","231","United States of America","5320","Producing Animals/Slaughtered","1035","Meat, pig","2009","2009","Head","113732300","","Official data",""
"QL","Livestock Primary","231","United States of America","5417","Yield/Carcass Weight","1035","Meat, pig","2009","2009","hg/An","918","Fc","Calculated data",""
"QL","Livestock Primary","231","United States of America","5510","Production","1035","Meat, pig","2009","2009","tonnes","10441709","","Official data",""
"QL","Livestock Primary","231","United States of America","5320","Producing Animals/Slaughtered","1035","Meat, pig","2010","2010","Head","110367000","","Official data",""
"QL","Livestock Primary","231","United States of America","5417","Yield/Carcass Weight","1035","Meat, pig","2010","2010","hg/An","923","Fc","Calculated data",""
"QL","Livestock Primary","231","United States of America","5510","Production","1035","Meat, pig","2010","2010","tonnes","10185656","","Official data",""
"QL","Livestock Primary","231","United States of America","5320","Producing Animals/Slaughtered","1035","Meat, pig","2011","2011","Head","110956300","","Official data",""
"QL","Livestock Primary","231","United States of America","5417","Yield/Carcass Weight","1035","Meat, pig","2011","2011","hg/An","931","Fc","Calculated data",""
"QL","Livestock Primary","231","United States of America","5510","Production","1035","Meat, pig","2011","2011","tonnes","10330715","","Official data",""
"QL","Livestock Primary","231","United States of America","5320","Producing Animals/Slaughtered","1035","Meat, pig","2012","2012","Head","113246600","","Official data",""
"QL","Livestock Primary","231","United States of America","5417","Yield/Carcass Weight","1035","Meat, pig","2012","2012","hg/An","932","Fc","Calculated data",""
"QL","Livestock Primary","231","United States of America","5510","Production","1035","Meat, pig","2012","2012","tonnes","10554200","","Official data",""
"QL","Livestock Primary","231","United States of America","5320","Producing Animals/Slaughtered","1035","Meat, pig","2013","2013","Head","112160500","","Official data",""
"QL","Livestock Primary","231","United States of America","5417","Yield/Carcass Weight","1035","Meat, pig","2013","2013","hg/An","938","Fc","Calculated data",""
"QL","Livestock Primary","231","United States of America","5510","Production","1035","Meat, pig","2013","2013","tonnes","10524535","","Official data",""
"QL","Livestock Primary","231","United States of America","5320","Producing Animals/Slaughtered","1035","Meat, pig","2014","2014","Head","106957700","","Official data",""
"QL","Livestock Primary","231","United States of America","5417","Yield/Carcass Weight","1035","Meat, pig","2014","2014","hg/An","969","Fc","Calculated data",""
"QL","Livestock Primary","231","United States of America","5510","Production","1035","Meat, pig","2014","2014","tonnes","10368227","","Official data",""
"QL","Livestock Primary","231","United States of America","5320","Producing Animals/Slaughtered","1035","Meat, pig","2015","2015","Head","115512200","","Official data",""
"QL","Livestock Primary","231","United States of America","5417","Yield/Carcass Weight","1035","Meat, pig","2015","2015","hg/An","963","Fc","Calculated data",""
"QL","Livestock Primary","231","United States of America","5510","Production","1035","Meat, pig","2015","2015","tonnes","11120748","","Official data",""
"QL","Livestock Primary","231","United States of America","5320","Producing Animals/Slaughtered","1035","Meat, pig","2016","2016","Head","118303900","","Official data",""
"QL","Livestock Primary","231","United States of America","5417","Yield/Carcass Weight","1035","Meat, pig","2016","2016","hg/An","957","Fc","Calculated data",""
"QL","Livestock Primary","231","United States of America","5510","Production","1035","Meat, pig","2016","2016","tonnes","11320182","","Official data",""
"QL","Livestock Primary","231","United States of America","5320","Producing Animals/Slaughtered","1035","Meat, pig","2017","2017","Head","121390200","","Official data",""
"QL","Livestock Primary","231","United States of America","5417","Yield/Carcass Weight","1035","Meat, pig","2017","2017","hg/An","957","Fc","Calculated data",""
"QL","Livestock Primary","231","United States of America","5510","Production","1035","Meat, pig","2017","2017","tonnes","11610981","","Official data",""
"QL","Livestock Primary","231","United States of America","5320","Producing Animals/Slaughtered","1035","Meat, pig","2018","2018","Head","124512300","","Official data",""
"QL","Livestock Primary","231","United States of America","5417","Yield/Carcass Weight","1035","Meat, pig","2018","2018","hg/An","959","Fc","Calculated data",""
"QL","Livestock Primary","231","United States of America","5510","Production","1035","Meat, pig","2018","2018","tonnes","11942965","","Official data",""
"QL","Livestock Primary","5706","European Union (28)","5320","Producing Animals/Slaughtered","1035","Meat, pig","1961","1961","Head","112050743","A","Aggregate, may include official, semi-official, estimated or calculated data",""
"QL","Livestock Primary","5706","European Union (28)","5417","Yield/Carcass Weight","1035","Meat, pig","1961","1961","hg/An","839","Fc","Calculated data",""
"QL","Livestock Primary","5706","European Union (28)","5510","Production","1035","Meat, pig","1961","1961","tonnes","9396356","A","Aggregate, may include official, semi-official, estimated or calculated data",""
"QL","Livestock Primary","5706","European Union (28)","5320","Producing Animals/Slaughtered","1035","Meat, pig","1962","1962","Head","116576765","A","Aggregate, may include official, semi-official, estimated or calculated data",""
"QL","Livestock Primary","5706","European Union (28)","5417","Yield/Carcass Weight","1035","Meat, pig","1962","1962","hg/An","826","Fc","Calculated data",""
"QL","Livestock Primary","5706","European Union (28)","5510","Production","1035","Meat, pig","1962","1962","tonnes","9633550","A","Aggregate, may include official, semi-official, estimated or calculated data",""
"QL","Livestock Primary","5706","European Union (28)","5320","Producing Animals/Slaughtered","1035","Meat, pig","1963","1963","Head","113661020","A","Aggregate, may include official, semi-official, estimated or calculated data",""
"QL","Livestock Primary","5706","European Union (28)","5417","Yield/Carcass Weight","1035","Meat, pig","1963","1963","hg/An","836","Fc","Calculated data",""
"QL","Livestock Primary","5706","European Union (28)","5510","Production","1035","Meat, pig","1963","1963","tonnes","9506446","A","Aggregate, may include official, semi-official, estimated or calculated data",""
"QL","Livestock Primary","5706","European Union (28)","5320","Producing Animals/Slaughtered","1035","Meat, pig","1964","1964","Head","119033300","A","Aggregate, may include official, semi-official, estimated or calculated data",""
"QL","Livestock Primary","5706","European Union (28)","5417","Yield/Carcass Weight","1035","Meat, pig","1964","1964","hg/An","842","Fc","Calculated data",""
"QL","Livestock Primary","5706","European Union (28)","5510","Production","1035","Meat, pig","1964","1964","tonnes","10026320","A","Aggregate, may include official, semi-official, estimated or calculated data",""
"QL","Livestock Primary","5706","European Union (28)","5320","Producing Animals/Slaughtered","1035","Meat, pig","1965","1965","Head","130035914","A","Aggregate, may include official, semi-official, estimated or calculated data",""
"QL","Livestock Primary","5706","European Union (28)","5417","Yield/Carcass Weight","1035","Meat, pig","1965","1965","hg/An","829","Fc","Calculated data",""
"QL","Livestock Primary","5706","European Union (28)","5510","Production","1035","Meat, pig","1965","1965","tonnes","10775292","A","Aggregate, may include official, semi-official, estimated or calculated data",""
"QL","Livestock Primary","5706","European Union (28)","5320","Producing Animals/Slaughtered","1035","Meat, pig","1966","1966","Head","130600380","A","Aggregate, may include official, semi-official, estimated or calculated data",""
"QL","Livestock Primary","5706","European Union (28)","5417","Yield/Carcass Weight","1035","Meat, pig","1966","1966","hg/An","828","Fc","Calculated data",""
"QL","Livestock Primary","5706","European Union (28)","5510","Production","1035","Meat, pig","1966","1966","tonnes","10814647","A","Aggregate, may include official, semi-official, estimated or calculated data",""
"QL","Livestock Primary","5706","European Union (28)","5320","Producing Animals/Slaughtered","1035","Meat, pig","1967","1967","Head","134645430","A","Aggregate, may include official, semi-official, estimated or calculated data",""
"QL","Livestock Primary","5706","European Union (28)","5417","Yield/Carcass Weight","1035","Meat, pig","1967","1967","hg/An","826","Fc","Calculated data",""
"QL","Livestock Primary","5706","European Union (28)","5510","Production","1035","Meat, pig","1967","1967","tonnes","11119003","A","Aggregate, may include official, semi-official, estimated or calculated data",""
"QL","Livestock Primary","5706","European Union (28)","5320","Producing Animals/Slaughtered","1035","Meat, pig","1968","1968","Head","141991628","A","Aggregate, may include official, semi-official, estimated or calculated data",""
"QL","Livestock Primary","5706","European Union (28)","5417","Yield/Carcass Weight","1035","Meat, pig","1968","1968","hg/An","827","Fc","Calculated data",""
"QL","Livestock Primary","5706","European Union (28)","5510","Production","1035","Meat, pig","1968","1968","tonnes","11747664","A","Aggregate, may include official, semi-official, estimated or calculated data",""
"QL","Livestock Primary","5706","European Union (28)","5320","Producing Animals/Slaughtered","1035","Meat, pig","1969","1969","Head","141590791","A","Aggregate, may include official, semi-official, estimated or calculated data",""
"QL","Livestock Primary","5706","European Union (28)","5417","Yield/Carcass Weight","1035","Meat, pig","1969","1969","hg/An","823","Fc","Calculated data",""
"QL","Livestock Primary","5706","European Union (28)","5510","Production","1035","Meat, pig","1969","1969","tonnes","11646586","A","Aggregate, may include official, semi-official, estimated or calculated data",""
"QL","Livestock Primary","5706","European Union (28)","5320","Producing Animals/Slaughtered","1035","Meat, pig","1970","1970","Head","148092757","A","Aggregate, may include official, semi-official, estimated or calculated data",""
"QL","Livestock Primary","5706","European Union (28)","5417","Yield/Carcass Weight","1035","Meat, pig","1970","1970","hg/An","819","Fc","Calculated data",""
"QL","Livestock Primary","5706","European Union (28)","5510","Production","1035","Meat, pig","1970","1970","tonnes","12129778","A","Aggregate, may include official, semi-official, estimated or calculated data",""
"QL","Livestock Primary","5706","European Union (28)","5320","Producing Animals/Slaughtered","1035","Meat, pig","1971","1971","Head","159122802","A","Aggregate, may include official, semi-official, estimated or calculated data",""
"QL","Livestock Primary","5706","European Union (28)","5417","Yield/Carcass Weight","1035","Meat, pig","1971","1971","hg/An","816","Fc","Calculated data",""
"QL","Livestock Primary","5706","European Union (28)","5510","Production","1035","Meat, pig","1971","1971","tonnes","12982926","A","Aggregate, may include official, semi-official, estimated or calculated data",""
"QL","Livestock Primary","5706","European Union (28)","5320","Producing Animals/Slaughtered","1035","Meat, pig","1972","1972","Head","165796620","A","Aggregate, may include official, semi-official, estimated or calculated data",""
"QL","Livestock Primary","5706","European Union (28)","5417","Yield/Carcass Weight","1035","Meat, pig","1972","1972","hg/An","824","Fc","Calculated data",""
"QL","Livestock Primary","5706","European Union (28)","5510","Production","1035","Meat, pig","1972","1972","tonnes","13658621","A","Aggregate, may include official, semi-official, estimated or calculated data",""
"QL","Livestock Primary","5706","European Union (28)","5320","Producing Animals/Slaughtered","1035","Meat, pig","1973","1973","Head","170135187","A","Aggregate, may include official, semi-official, estimated or calculated data",""
"QL","Livestock Primary","5706","European Union (28)","5417","Yield/Carcass Weight","1035","Meat, pig","1973","1973","hg/An","823","Fc","Calculated data",""
"QL","Livestock Primary","5706","European Union (28)","5510","Production","1035","Meat, pig","1973","1973","tonnes","14009621","A","Aggregate, may include official, semi-official, estimated or calculated data",""
"QL","Livestock Primary","5706","European Union (28)","5320","Producing Animals/Slaughtered","1035","Meat, pig","1974","1974","Head","179325618","A","Aggregate, may include official, semi-official, estimated or calculated data",""
"QL","Livestock Primary","5706","European Union (28)","5417","Yield/Carcass Weight","1035","Meat, pig","1974","1974","hg/An","825","Fc","Calculated data",""
"QL","Livestock Primary","5706","European Union (28)","5510","Production","1035","Meat, pig","1974","1974","tonnes","14788076","A","Aggregate, may include official, semi-official, estimated or calculated data",""
"QL","Livestock Primary","5706","European Union (28)","5320","Producing Animals/Slaughtered","1035","Meat, pig","1975","1975","Head","178644154","A","Aggregate, may include official, semi-official, estimated or calculated data",""
"QL","Livestock Primary","5706","European Union (28)","5417","Yield/Carcass Weight","1035","Meat, pig","1975","1975","hg/An","825","Fc","Calculated data",""
"QL","Livestock Primary","5706","European Union (28)","5510","Production","1035","Meat, pig","1975","1975","tonnes","14741234","A","Aggregate, may include official, semi-official, estimated or calculated data",""
"QL","Livestock Primary","5706","European Union (28)","5320","Producing Animals/Slaughtered","1035","Meat, pig","1976","1976","Head","178751851","A","Aggregate, may include official, semi-official, estimated or calculated data",""
"QL","Livestock Primary","5706","European Union (28)","5417","Yield/Carcass Weight","1035","Meat, pig","1976","1976","hg/An","824","Fc","Calculated data",""
"QL","Livestock Primary","5706","European Union (28)","5510","Production","1035","Meat, pig","1976","1976","tonnes","14736339","A","Aggregate, may include official, semi-official, estimated or calculated data",""
"QL","Livestock Primary","5706","European Union (28)","5320","Producing Animals/Slaughtered","1035","Meat, pig","1977","1977","Head","184710995","A","Aggregate, may include official, semi-official, estimated or calculated data",""
"QL","Livestock Primary","5706","European Union (28)","5417","Yield/Carcass Weight","1035","Meat, pig","1977","1977","hg/An","828","Fc","Calculated data",""
"QL","Livestock Primary","5706","European Union (28)","5510","Production","1035","Meat, pig","1977","1977","tonnes","15292361","A","Aggregate, may include official, semi-official, estimated or calculated data",""
"QL","Livestock Primary","5706","European Union (28)","5320","Producing Animals/Slaughtered","1035","Meat, pig","1978","1978","Head","196601757","A","Aggregate, may include official, semi-official, estimated or calculated data",""
"QL","Livestock Primary","5706","European Union (28)","5417","Yield/Carcass Weight","1035","Meat, pig","1978","1978","hg/An","821","Fc","Calculated data",""
"QL","Livestock Primary","5706","European Union (28)","5510","Production","1035","Meat, pig","1978","1978","tonnes","16144253","A","Aggregate, may include official, semi-official, estimated or calculated data",""
"QL","Livestock Primary","5706","European Union (28)","5320","Producing Animals/Slaughtered","1035","Meat, pig","1979","1979","Head","206269951","A","Aggregate, may include official, semi-official, estimated or calculated data",""
"QL","Livestock Primary","5706","European Union (28)","5417","Yield/Carcass Weight","1035","Meat, pig","1979","1979","hg/An","823","Fc","Calculated data",""
"QL","Livestock Primary","5706","European Union (28)","5510","Production","1035","Meat, pig","1979","1979","tonnes","16980711","A","Aggregate, may include official, semi-official, estimated or calculated data",""
"QL","Livestock Primary","5706","European Union (28)","5320","Producing Animals/Slaughtered","1035","Meat, pig","1980","1980","Head","211331355","A","Aggregate, may include official, semi-official, estimated or calculated data",""
"QL","Livestock Primary","5706","European Union (28)","5417","Yield/Carcass Weight","1035","Meat, pig","1980","1980","hg/An","821","Fc","Calculated data",""
"QL","Livestock Primary","5706","European Union (28)","5510","Production","1035","Meat, pig","1980","1980","tonnes","17354566","A","Aggregate, may include official, semi-official, estimated or calculated data",""
"QL","Livestock Primary","5706","European Union (28)","5320","Producing Animals/Slaughtered","1035","Meat, pig","1981","1981","Head","211107091","A","Aggregate, may include official, semi-official, estimated or calculated data",""
"QL","Livestock Primary","5706","European Union (28)","5417","Yield/Carcass Weight","1035","Meat, pig","1981","1981","hg/An","813","Fc","Calculated data",""
"QL","Livestock Primary","5706","European Union (28)","5510","Production","1035","Meat, pig","1981","1981","tonnes","17162893","A","Aggregate, may include official, semi-official, estimated or calculated data",""
"QL","Livestock Primary","5706","European Union (28)","5320","Producing Animals/Slaughtered","1035","Meat, pig","1982","1982","Head","211372286","A","Aggregate, may include official, semi-official, estimated or calculated data",""
"QL","Livestock Primary","5706","European Union (28)","5417","Yield/Carcass Weight","1035","Meat, pig","1982","1982","hg/An","815","Fc","Calculated data",""
"QL","Livestock Primary","5706","European Union (28)","5510","Production","1035","Meat, pig","1982","1982","tonnes","17235776","A","Aggregate, may include official, semi-official, estimated or calculated data",""
"QL","Livestock Primary","5706","European Union (28)","5320","Producing Animals/Slaughtered","1035","Meat, pig","1983","1983","Head","214859981","A","Aggregate, may include official, semi-official, estimated or calculated data",""
"QL","Livestock Primary","5706","European Union (28)","5417","Yield/Carcass Weight","1035","Meat, pig","1983","1983","hg/An","821","Fc","Calculated data",""
"QL","Livestock Primary","5706","European Union (28)","5510","Production","1035","Meat, pig","1983","1983","tonnes","17633954","A","Aggregate, may include official, semi-official, estimated or calculated data",""
"QL","Livestock Primary","5706","European Union (28)","5320","Producing Animals/Slaughtered","1035","Meat, pig","1984","1984","Head","218841893","A","Aggregate, may include official, semi-official, estimated or calculated data",""
"QL","Livestock Primary","5706","European Union (28)","5417","Yield/Carcass Weight","1035","Meat, pig","1984","1984","hg/An","820","Fc","Calculated data",""
"QL","Livestock Primary","5706","European Union (28)","5510","Production","1035","Meat, pig","1984","1984","tonnes","17944436","A","Aggregate, may include official, semi-official, estimated or calculated data",""
"QL","Livestock Primary","5706","European Union (28)","5320","Producing Animals/Slaughtered","1035","Meat, pig","1985","1985","Head","220703044","A","Aggregate, may include official, semi-official, estimated or calculated data",""
"QL","Livestock Primary","5706","European Union (28)","5417","Yield/Carcass Weight","1035","Meat, pig","1985","1985","hg/An","824","Fc","Calculated data",""
"QL","Livestock Primary","5706","European Union (28)","5510","Production","1035","Meat, pig","1985","1985","tonnes","18191458","A","Aggregate, may include official, semi-official, estimated or calculated data",""
"QL","Livestock Primary","5706","European Union (28)","5320","Producing Animals/Slaughtered","1035","Meat, pig","1986","1986","Head","226335686","A","Aggregate, may include official, semi-official, estimated or calculated data",""
"QL","Livestock Primary","5706","European Union (28)","5417","Yield/Carcass Weight","1035","Meat, pig","1986","1986","hg/An","823","Fc","Calculated data",""
"QL","Livestock Primary","5706","European Union (28)","5510","Production","1035","Meat, pig","1986","1986","tonnes","18631438","A","Aggregate, may include official, semi-official, estimated or calculated data",""
"QL","Livestock Primary","5706","European Union (28)","5320","Producing Animals/Slaughtered","1035","Meat, pig","1987","1987","Head","231151229","A","Aggregate, may include official, semi-official, estimated or calculated data",""
"QL","Livestock Primary","5706","European Union (28)","5417","Yield/Carcass Weight","1035","Meat, pig","1987","1987","hg/An","827","Fc","Calculated data",""
"QL","Livestock Primary","5706","European Union (28)","5510","Production","1035","Meat, pig","1987","1987","tonnes","19110180","A","Aggregate, may include official, semi-official, estimated or calculated data",""
"QL","Livestock Primary","5706","European Union (28)","5320","Producing Animals/Slaughtered","1035","Meat, pig","1988","1988","Head","235153236","A","Aggregate, may include official, semi-official, estimated or calculated data",""
"QL","Livestock Primary","5706","European Union (28)","5417","Yield/Carcass Weight","1035","Meat, pig","1988","1988","hg/An","838","Fc","Calculated data",""
"QL","Livestock Primary","5706","European Union (28)","5510","Production","1035","Meat, pig","1988","1988","tonnes","19698159","A","Aggregate, may include official, semi-official, estimated or calculated data",""
"QL","Livestock Primary","5706","European Union (28)","5320","Producing Animals/Slaughtered","1035","Meat, pig","1989","1989","Head","231181895","A","Aggregate, may include official, semi-official, estimated or calculated data",""
"QL","Livestock Primary","5706","European Union (28)","5417","Yield/Carcass Weight","1035","Meat, pig","1989","1989","hg/An","842","Fc","Calculated data",""
"QL","Livestock Primary","5706","European Union (28)","5510","Production","1035","Meat, pig","1989","1989","tonnes","19472683","A","Aggregate, may include official, semi-official, estimated or calculated data",""
"QL","Livestock Primary","5706","European Union (28)","5320","Producing Animals/Slaughtered","1035","Meat, pig","1990","1990","Head","231089762","A","Aggregate, may include official, semi-official, estimated or calculated data",""
"QL","Livestock Primary","5706","European Union (28)","5417","Yield/Carcass Weight","1035","Meat, pig","1990","1990","hg/An","847","Fc","Calculated data",""
"QL","Livestock Primary","5706","European Union (28)","5510","Production","1035","Meat, pig","1990","1990","tonnes","19581652","A","Aggregate, may include official, semi-official, estimated or calculated data",""
"QL","Livestock Primary","5706","European Union (28)","5320","Producing Animals/Slaughtered","1035","Meat, pig","1991","1991","Head","228451312","A","Aggregate, may include official, semi-official, estimated or calculated data",""
"QL","Livestock Primary","5706","European Union (28)","5417","Yield/Carcass Weight","1035","Meat, pig","1991","1991","hg/An","838","Fc","Calculated data",""
"QL","Livestock Primary","5706","European Union (28)","5510","Production","1035","Meat, pig","1991","1991","tonnes","19155562","A","Aggregate, may include official, semi-official, estimated or calculated data",""
"QL","Livestock Primary","5706","European Union (28)","5320","Producing Animals/Slaughtered","1035","Meat, pig","1992","1992","Head","232017086","A","Aggregate, may include official, semi-official, estimated or calculated data",""
"QL","Livestock Primary","5706","European Union (28)","5417","Yield/Carcass Weight","1035","Meat, pig","1992","1992","hg/An","842","Fc","Calculated data",""
"QL","Livestock Primary","5706","European Union (28)","5510","Production","1035","Meat, pig","1992","1992","tonnes","19537701","A","Aggregate, may include official, semi-official, estimated or calculated data",""
"QL","Livestock Primary","5706","European Union (28)","5320","Producing Animals/Slaughtered","1035","Meat, pig","1993","1993","Head","249309220","A","Aggregate, may include official, semi-official, estimated or calculated data",""
"QL","Livestock Primary","5706","European Union (28)","5417","Yield/Carcass Weight","1035","Meat, pig","1993","1993","hg/An","836","Fc","Calculated data",""
"QL","Livestock Primary","5706","European Union (28)","5510","Production","1035","Meat, pig","1993","1993","tonnes","20841067","A","Aggregate, may include official, semi-official, estimated or calculated data",""
"QL","Livestock Primary","5706","European Union (28)","5320","Producing Animals/Slaughtered","1035","Meat, pig","1994","1994","Head","245441046","A","Aggregate, may include official, semi-official, estimated or calculated data",""
"QL","Livestock Primary","5706","European Union (28)","5417","Yield/Carcass Weight","1035","Meat, pig","1994","1994","hg/An","833","Fc","Calculated data",""
"QL","Livestock Primary","5706","European Union (28)","5510","Production","1035","Meat, pig","1994","1994","tonnes","20442245","A","Aggregate, may include official, semi-official, estimated or calculated data",""
"QL","Livestock Primary","5706","European Union (28)","5320","Producing Animals/Slaughtered","1035","Meat, pig","1995","1995","Head","240968104","A","Aggregate, may include official, semi-official, estimated or calculated data",""
"QL","Livestock Primary","5706","European Union (28)","5417","Yield/Carcass Weight","1035","Meat, pig","1995","1995","hg/An","857","Fc","Calculated data",""
"QL","Livestock Primary","5706","European Union (28)","5510","Production","1035","Meat, pig","1995","1995","tonnes","20648764","A","Aggregate, may include official, semi-official, estimated or calculated data",""
"QL","Livestock Primary","5706","European Union (28)","5320","Producing Animals/Slaughtered","1035","Meat, pig","1996","1996","Head","245580410","A","Aggregate, may include official, semi-official, estimated or calculated data",""
"QL","Livestock Primary","5706","European Union (28)","5417","Yield/Carcass Weight","1035","Meat, pig","1996","1996","hg/An","859","Fc","Calculated data",""
"QL","Livestock Primary","5706","European Union (28)","5510","Production","1035","Meat, pig","1996","1996","tonnes","21091170","A","Aggregate, may include official, semi-official, estimated or calculated data",""
"QL","Livestock Primary","5706","European Union (28)","5320","Producing Animals/Slaughtered","1035","Meat, pig","1997","1997","Head","239602833","A","Aggregate, may include official, semi-official, estimated or calculated data",""
"QL","Livestock Primary","5706","European Union (28)","5417","Yield/Carcass Weight","1035","Meat, pig","1997","1997","hg/An","863","Fc","Calculated data",""
"QL","Livestock Primary","5706","European Union (28)","5510","Production","1035","Meat, pig","1997","1997","tonnes","20674570","A","Aggregate, may include official, semi-official, estimated or calculated data",""
"QL","Livestock Primary","5706","European Union (28)","5320","Producing Animals/Slaughtered","1035","Meat, pig","1998","1998","Head","255318041","A","Aggregate, may include official, semi-official, estimated or calculated data",""
"QL","Livestock Primary","5706","European Union (28)","5417","Yield/Carcass Weight","1035","Meat, pig","1998","1998","hg/An","868","Fc","Calculated data",""
"QL","Livestock Primary","5706","European Union (28)","5510","Production","1035","Meat, pig","1998","1998","tonnes","22153467","A","Aggregate, may include official, semi-official, estimated or calculated data",""
"QL","Livestock Primary","5706","European Union (28)","5320","Producing Animals/Slaughtered","1035","Meat, pig","1999","1999","Head","260716880","A","Aggregate, may include official, semi-official, estimated or calculated data",""
"QL","Livestock Primary","5706","European Union (28)","5417","Yield/Carcass Weight","1035","Meat, pig","1999","1999","hg/An","865","Fc","Calculated data",""
"QL","Livestock Primary","5706","European Union (28)","5510","Production","1035","Meat, pig","1999","1999","tonnes","22554399","A","Aggregate, may include official, semi-official, estimated or calculated data",""
"QL","Livestock Primary","5706","European Union (28)","5320","Producing Animals/Slaughtered","1035","Meat, pig","2000","2000","Head","250121932","A","Aggregate, may include official, semi-official, estimated or calculated data",""
"QL","Livestock Primary","5706","European Union (28)","5417","Yield/Carcass Weight","1035","Meat, pig","2000","2000","hg/An","869","Fc","Calculated data",""
"QL","Livestock Primary","5706","European Union (28)","5510","Production","1035","Meat, pig","2000","2000","tonnes","21739287","A","Aggregate, may include official, semi-official, estimated or calculated data",""
"QL","Livestock Primary","5706","European Union (28)","5320","Producing Animals/Slaughtered","1035","Meat, pig","2001","2001","Head","244291907","A","Aggregate, may include official, semi-official, estimated or calculated data",""
"QL","Livestock Primary","5706","European Union (28)","5417","Yield/Carcass Weight","1035","Meat, pig","2001","2001","hg/An","873","Fc","Calculated data",""
"QL","Livestock Primary","5706","European Union (28)","5510","Production","1035","Meat, pig","2001","2001","tonnes","21335198","A","Aggregate, may include official, semi-official, estimated or calculated data",""
"QL","Livestock Primary","5706","European Union (28)","5320","Producing Animals/Slaughtered","1035","Meat, pig","2002","2002","Head","248525176","A","Aggregate, may include official, semi-official, estimated or calculated data",""
"QL","Livestock Primary","5706","European Union (28)","5417","Yield/Carcass Weight","1035","Meat, pig","2002","2002","hg/An","876","Fc","Calculated data",""
"QL","Livestock Primary","5706","European Union (28)","5510","Production","1035","Meat, pig","2002","2002","tonnes","21771322","A","Aggregate, may include official, semi-official, estimated or calculated data",""
"QL","Livestock Primary","5706","European Union (28)","5320","Producing Animals/Slaughtered","1035","Meat, pig","2003","2003","Head","251125361","A","Aggregate, may include official, semi-official, estimated or calculated data",""
"QL","Livestock Primary","5706","European Union (28)","5417","Yield/Carcass Weight","1035","Meat, pig","2003","2003","hg/An","879","Fc","Calculated data",""
"QL","Livestock Primary","5706","European Union (28)","5510","Production","1035","Meat, pig","2003","2003","tonnes","22076003","A","Aggregate, may include official, semi-official, estimated or calculated data",""
"QL","Livestock Primary","5706","European Union (28)","5320","Producing Animals/Slaughtered","1035","Meat, pig","2004","2004","Head","247574791","A","Aggregate, may include official, semi-official, estimated or calculated data",""
"QL","Livestock Primary","5706","European Union (28)","5417","Yield/Carcass Weight","1035","Meat, pig","2004","2004","hg/An","876","Fc","Calculated data",""
"QL","Livestock Primary","5706","European Union (28)","5510","Production","1035","Meat, pig","2004","2004","tonnes","21697776","A","Aggregate, may include official, semi-official, estimated or calculated data",""
"QL","Livestock Primary","5706","European Union (28)","5320","Producing Animals/Slaughtered","1035","Meat, pig","2005","2005","Head","247348638","A","Aggregate, may include official, semi-official, estimated or calculated data",""
"QL","Livestock Primary","5706","European Union (28)","5417","Yield/Carcass Weight","1035","Meat, pig","2005","2005","hg/An","881","Fc","Calculated data",""
"QL","Livestock Primary","5706","European Union (28)","5510","Production","1035","Meat, pig","2005","2005","tonnes","21796218","A","Aggregate, may include official, semi-official, estimated or calculated data",""
"QL","Livestock Primary","5706","European Union (28)","5320","Producing Animals/Slaughtered","1035","Meat, pig","2006","2006","Head","250658224","A","Aggregate, may include official, semi-official, estimated or calculated data",""
"QL","Livestock Primary","5706","European Union (28)","5417","Yield/Carcass Weight","1035","Meat, pig","2006","2006","hg/An","873","Fc","Calculated data",""
"QL","Livestock Primary","5706","European Union (28)","5510","Production","1035","Meat, pig","2006","2006","tonnes","21874596","A","Aggregate, may include official, semi-official, estimated or calculated data",""
"QL","Livestock Primary","5706","European Union (28)","5320","Producing Animals/Slaughtered","1035","Meat, pig","2007","2007","Head","258941022","A","Aggregate, may include official, semi-official, estimated or calculated data",""
"QL","Livestock Primary","5706","European Union (28)","5417","Yield/Carcass Weight","1035","Meat, pig","2007","2007","hg/An","879","Fc","Calculated data",""
"QL","Livestock Primary","5706","European Union (28)","5510","Production","1035","Meat, pig","2007","2007","tonnes","22769927","A","Aggregate, may include official, semi-official, estimated or calculated data",""
"QL","Livestock Primary","5706","European Union (28)","5320","Producing Animals/Slaughtered","1035","Meat, pig","2008","2008","Head","256977734","A","Aggregate, may include official, semi-official, estimated or calculated data",""
"QL","Livestock Primary","5706","European Union (28)","5417","Yield/Carcass Weight","1035","Meat, pig","2008","2008","hg/An","887","Fc","Calculated data",""
"QL","Livestock Primary","5706","European Union (28)","5510","Production","1035","Meat, pig","2008","2008","tonnes","22787382","A","Aggregate, may include official, semi-official, estimated or calculated data",""
"QL","Livestock Primary","5706","European Union (28)","5320","Producing Animals/Slaughtered","1035","Meat, pig","2009","2009","Head","251679800","A","Aggregate, may include official, semi-official, estimated or calculated data",""
"QL","Livestock Primary","5706","European Union (28)","5417","Yield/Carcass Weight","1035","Meat, pig","2009","2009","hg/An","887","Fc","Calculated data",""
"QL","Livestock Primary","5706","European Union (28)","5510","Production","1035","Meat, pig","2009","2009","tonnes","22322080","A","Aggregate, may include official, semi-official, estimated or calculated data",""
"QL","Livestock Primary","5706","European Union (28)","5320","Producing Animals/Slaughtered","1035","Meat, pig","2010","2010","Head","256799114","A","Aggregate, may include official, semi-official, estimated or calculated data",""
"QL","Livestock Primary","5706","European Union (28)","5417","Yield/Carcass Weight","1035","Meat, pig","2010","2010","hg/An","895","Fc","Calculated data",""
"QL","Livestock Primary","5706","European Union (28)","5510","Production","1035","Meat, pig","2010","2010","tonnes","22976339","A","Aggregate, may include official, semi-official, estimated or calculated data",""
"QL","Livestock Primary","5706","European Union (28)","5320","Producing Animals/Slaughtered","1035","Meat, pig","2011","2011","Head","260565361","A","Aggregate, may include official, semi-official, estimated or calculated data",""
"QL","Livestock Primary","5706","European Union (28)","5417","Yield/Carcass Weight","1035","Meat, pig","2011","2011","hg/An","893","Fc","Calculated data",""
"QL","Livestock Primary","5706","European Union (28)","5510","Production","1035","Meat, pig","2011","2011","tonnes","23262086","A","Aggregate, may include official, semi-official, estimated or calculated data",""
"QL","Livestock Primary","5706","European Union (28)","5320","Producing Animals/Slaughtered","1035","Meat, pig","2012","2012","Head","253620296","A","Aggregate, may include official, semi-official, estimated or calculated data",""
"QL","Livestock Primary","5706","European Union (28)","5417","Yield/Carcass Weight","1035","Meat, pig","2012","2012","hg/An","900","Fc","Calculated data",""
"QL","Livestock Primary","5706","European Union (28)","5510","Production","1035","Meat, pig","2012","2012","tonnes","22836883","A","Aggregate, may include official, semi-official, estimated or calculated data",""
"QL","Livestock Primary","5706","European Union (28)","5320","Producing Animals/Slaughtered","1035","Meat, pig","2013","2013","Head","250989184","A","Aggregate, may include official, semi-official, estimated or calculated data",""
"QL","Livestock Primary","5706","European Union (28)","5417","Yield/Carcass Weight","1035","Meat, pig","2013","2013","hg/An","898","Fc","Calculated data",""
"QL","Livestock Primary","5706","European Union (28)","5510","Production","1035","Meat, pig","2013","2013","tonnes","22530762","A","Aggregate, may include official, semi-official, estimated or calculated data",""
"QL","Livestock Primary","5706","European Union (28)","5320","Producing Animals/Slaughtered","1035","Meat, pig","2014","2014","Head","253074636","A","Aggregate, may include official, semi-official, estimated or calculated data",""
"QL","Livestock Primary","5706","European Union (28)","5417","Yield/Carcass Weight","1035","Meat, pig","2014","2014","hg/An","893","Fc","Calculated data",""
"QL","Livestock Primary","5706","European Union (28)","5510","Production","1035","Meat, pig","2014","2014","tonnes","22608582","A","Aggregate, may include official, semi-official, estimated or calculated data",""
"QL","Livestock Primary","5706","European Union (28)","5320","Producing Animals/Slaughtered","1035","Meat, pig","2015","2015","Head","258270037","A","Aggregate, may include official, semi-official, estimated or calculated data",""
"QL","Livestock Primary","5706","European Union (28)","5417","Yield/Carcass Weight","1035","Meat, pig","2015","2015","hg/An","909","Fc","Calculated data",""
"QL","Livestock Primary","5706","European Union (28)","5510","Production","1035","Meat, pig","2015","2015","tonnes","23469121","A","Aggregate, may include official, semi-official, estimated or calculated data",""
"QL","Livestock Primary","5706","European Union (28)","5320","Producing Animals/Slaughtered","1035","Meat, pig","2016","2016","Head","262119089","A","Aggregate, may include official, semi-official, estimated or calculated data",""
"QL","Livestock Primary","5706","European Union (28)","5417","Yield/Carcass Weight","1035","Meat, pig","2016","2016","hg/An","910","Fc","Calculated data",""
"QL","Livestock Primary","5706","European Union (28)","5510","Production","1035","Meat, pig","2016","2016","tonnes","23864890","A","Aggregate, may include official, semi-official, estimated or calculated data",""
"QL","Livestock Primary","5706","European Union (28)","5320","Producing Animals/Slaughtered","1035","Meat, pig","2017","2017","Head","259115743","A","Aggregate, may include official, semi-official, estimated or calculated data",""
"QL","Livestock Primary","5706","European Union (28)","5417","Yield/Carcass Weight","1035","Meat, pig","2017","2017","hg/An","916","Fc","Calculated data",""
"QL","Livestock Primary","5706","European Union (28)","5510","Production","1035","Meat, pig","2017","2017","tonnes","23742194","A","Aggregate, may include official, semi-official, estimated or calculated data",""
"QL","Livestock Primary","5706","European Union (28)","5320","Producing Animals/Slaughtered","1035","Meat, pig","2018","2018","Head","261647761","A","Aggregate, may include official, semi-official, estimated or calculated data",""
"QL","Livestock Primary","5706","European Union (28)","5417","Yield/Carcass Weight","1035","Meat, pig","2018","2018","hg/An","920","Fc","Calculated data",""
"QL","Livestock Primary","5706","European Union (28)","5510","Production","1035","Meat, pig","2018","2018","tonnes","24075087","A","Aggregate, may include official, semi-official, estimated or calculated data",""
